first_name,last_name,email
Kyle,Walker,kyle.walker@tottenham.com
Kerrie,Mee,kerrie.mee@noodles.com
Bhatt,Man,bhatt.man@gotham.com
Robert,Lewandowski,lewandowski@dortmund.com
Hans,Christiansen,hans.christiansen@story.com
Mack,McDonnell,mack.mcdonnell@mcds.com
Matt,Redman,matt.redman@worship.com
Dash,Cam,dash.cam@board.com
Leo,Koo,leokoo@techgarage.my